Belgium,Belgien,https://fr.dacia.be/trouvez-votre-concessionnaire.html
Bulgaria,Bulgarien,https://www.dacia.bg/namerete-dilarstvo.html
Denmark,D‰nemark,https://www.dacia.dk/find-daciaforhandler/
Estonia,Estland,https://www.dacia.ee/ee/dealerlocator.html
Finland,Finnland,https://www.dacia.fi/jalleenmyyjat/
France,Frankreich,https://www.dacia.fr/trouvez-votre-etablissement-dacia.html
Greece,Griechenland,https://www.dacia.gr/dealerlocator.html
Great Britain/UK,Groﬂbritannien,https://www.dacia.co.uk/find-a-dealer.html
Ireland,Irland,https://www.dacia.ie/find-a-dealer.html
Italy,Italien,https://www.dacia.it/concessionario.html#gref
Croatia,Kroatien,https://www.dacia.hr/pronadite-koncesionara.html
Latvia,Lettland,
Lithuania,Litauen,https://www.dacia.lt/dealerlocator.html
Luxemburg,Luxemburg,https://www.dacia.lu/trouvez-votre-concessionnaire.html
Malta,Malta,
Netherlands,Niederlande,https://www.dacia.nl/contact/contact-opnemen.html
Poland,Polen,https://www.dacia.pl/znajdz-dealera.html
Portugal,Portugal,https://www.dacia.pt/concessionarios.html
Romania,Rum‰nien,https://www.dacia.ro/reteaua-dacia.html
Sweden,Schweden,https://www.dacia.se/aterforsaljare/
Slovakia,Slowakei,https://www.dacia.sk/najst-dealera.html
Slovenia,Slowenien,https://www.dacia.si/poiscite-pooblascenega-prodajalca-servis.html
Spain,Spanien,https://www.dacia.es/concesionario.html
Czech Republic,Tschechische Republik,
Hungary,Ungarn,
Cyprus,Zypern,
Iceland,Island,
Lichtenstein,Liechtenstein,
Norway,Norwegen,https://dacia.no/forhandlere
