GARAGE DEMEYERE KNOKKE-HEIST,WESTKAPELLESTRAAT 180  8301 KNOKKE-HEIST,tel:+3250512318,Magasin Pieces Rechange,Vente Vehicules Neufs,Atelier Mecanique
GARAGE DEMEYERE BRUGGE,PATHOEKEWEG 11+  8000 BRUGGE,tel:+3250530000,Magasin Pieces Rechange,Vente Vehicules Neufs,Atelier Mecanique
GARAGE DANIEL CLICTEUR,SINT-PIETERSKAAI 48  8000 BRUGGE,tel:+3250314163,Atelier Carrosserie,Magasin Pieces Rechange,Vente Vehicules Neufs,Atelier Mecanique
GARAGE VANHOVE FRANK BVBA,BRUGSESTEENWEG 101  8420 WENDUINE,tel:+3250415690,Atelier Carrosserie,Magasin Pieces Rechange,Vente Vehicules Neufs,Atelier Mecanique,Renault Minute Service
AUTOBEDRIJF H TEIRLINCK,OEDELEMSESTEENWEG 50  8340 SIJSELE,tel:+3250353736,Magasin Pieces Rechange,Vente Vehicules Neufs,Atelier Mecanique
MAHY BRUGGE,GRASDREEF 2  8200 BRUGGE,,Magasin Pieces Rechange,Vente Vehicules Neufs,Atelier Mecanique
V&D MOTORS NV - MALDEGEM,WEGGEVOERDENLAAN 7  9990 MALDEGEM,tel:+3250712042,Atelier Carrosserie,Magasin Pieces Rechange,Vente Vehicules Neufs,Atelier Mecanique
GARAGE LIEVEN BLOMME,STEKELHOEK 1  9910 KNESSELARE,tel:+3293744314,Magasin Pieces Rechange,Vente Vehicules Neufs,Atelier Mecanique
RENAULT MINUTE BREDENE,BRUGSESTEENWEG 51 A  8450 BREDENE,tel:+3259333311,Magasin Pieces Rechange,Vente Vehicules Neufs,Atelier Mecanique,Renault Rent,Renault Minute Service
AUTOBEDRIJF VERMEIRE NV,TORHOUTSESTEENWEG 693  8400 OOSTENDE,tel:+3259705147,Atelier Carrosserie,Magasin Pieces Rechange,Vente Vehicules Neufs,Atelier Mecanique,Renault Rent
GARAGE & CAR. MONNAERS EVBA,AZALEASTRAAT 2  9930 ZOMERGEM,tel:+3293724046,Atelier Carrosserie,Magasin Pieces Rechange,Vente Vehicules Neufs,Atelier Mecanique
GARAGE GOETHALS DAVY BVBA,OUDE BRUGGESTRAAT 100  8750 WINGENE,tel:+3251658365,Magasin Pieces Rechange,Vente Vehicules Neufs,Atelier Mecanique
AUTOBEDRIJF DECLEIR BVBA,OOSTENDESTRAAT 258  8820 TORHOUT,tel:+3250215262,Ren Minute Carrosserie,Atelier Carrosserie,Magasin Pieces Rechange,Vente Vehicules Neufs,Atelier Mecanique,Renault Rent,Vente Vehicules Occasion
V&D MOTORS NV - TIELT,SCHUIFERSKAPELSESTEENWEG 65 A  8700 TIELT,tel:+3251403634,Atelier Carrosserie,Magasin Pieces Rechange,Vente Vehicules Neufs,Atelier Mecanique
GARAGE EECLOO BVBA,KWAKKELSTRAAT 5B  8810 LICHTERVELDE,tel:+3251722345,Magasin Pieces Rechange,Vente Vehicules Neufs,Atelier Mecanique,Renault Minute Service
GARAGE & CARROSSERIE SABA,VOSSELARESTRAAT 67  9850 NEVELE,tel:+3293715767,Atelier Carrosserie,Magasin Pieces Rechange,Vente Vehicules Neufs,Atelier Mecanique
V&D MOTORS NV - AARSELE,DEINSESTEENWEG 190  8700 TIELT (AARSELE),tel:+3251427864,Atelier Carrosserie,Magasin Pieces Rechange,Vente Vehicules Neufs,Atelier Mecanique,Renault Minute Service,Vente Vehicules Occasion
EDDY VAN WONTERGHEM BVBA,EVERGEMSESTEENWEG 68  9032 WONDELGEM,tel:+3292536124,Atelier Carrosserie,Magasin Pieces Rechange,Vente Vehicules Neufs,Atelier Mecanique
GARAGE N BAELE BVBA,KENNEDYLN 9-IND PARK ROSTEYNE  9060 ZELZATE,tel:+3293429777,Ren Minute Carrosserie,Atelier Carrosserie,Magasin Pieces Rechange,Vente Vehicules Neufs,Atelier Mecanique
GARAGE REHEUL NV,KAPELLESTRAAT 61 - 63  9800 DEINZE,tel:+3293862740,Magasin Pieces Rechange,Vente Vehicules Neufs,Atelier Mecanique
GARAGE DANIEL CLICTEUR,SINT-PIETERSKAAI 48  8000 BRUGGE,tel:+3250314163,Atelier Carrosserie,Magasin Pieces Rechange,Vente Vehicules Neufs,Atelier Mecanique
GARAGE DEMEYERE BRUGGE,PATHOEKEWEG 11+  8000 BRUGGE,tel:+3250530000,Magasin Pieces Rechange,Vente Vehicules Neufs,Atelier Mecanique
MAHY BRUGGE,GRASDREEF 2  8200 BRUGGE,,Magasin Pieces Rechange,Vente Vehicules Neufs,Atelier Mecanique
AUTOBEDRIJF H TEIRLINCK,OEDELEMSESTEENWEG 50  8340 SIJSELE,tel:+3250353736,Magasin Pieces Rechange,Vente Vehicules Neufs,Atelier Mecanique
GARAGE VANHOVE FRANK BVBA,BRUGSESTEENWEG 101  8420 WENDUINE,tel:+3250415690,Atelier Carrosserie,Magasin Pieces Rechange,Vente Vehicules Neufs,Atelier Mecanique,Renault Minute Service
GARAGE DEMEYERE KNOKKE-HEIST,WESTKAPELLESTRAAT 180  8301 KNOKKE-HEIST,tel:+3250512318,Magasin Pieces Rechange,Vente Vehicules Neufs,Atelier Mecanique
V&D MOTORS NV - MALDEGEM,WEGGEVOERDENLAAN 7  9990 MALDEGEM,tel:+3250712042,Atelier Carrosserie,Magasin Pieces Rechange,Vente Vehicules Neufs,Atelier Mecanique
GARAGE LIEVEN BLOMME,STEKELHOEK 1  9910 KNESSELARE,tel:+3293744314,Magasin Pieces Rechange,Vente Vehicules Neufs,Atelier Mecanique
GARAGE GOETHALS DAVY BVBA,OUDE BRUGGESTRAAT 100  8750 WINGENE,tel:+3251658365,Magasin Pieces Rechange,Vente Vehicules Neufs,Atelier Mecanique
RENAULT MINUTE BREDENE,BRUGSESTEENWEG 51 A  8450 BREDENE,tel:+3259333311,Magasin Pieces Rechange,Vente Vehicules Neufs,Atelier Mecanique,Renault Rent,Renault Minute Service
AUTOBEDRIJF DECLEIR BVBA,OOSTENDESTRAAT 258  8820 TORHOUT,tel:+3250215262,Ren Minute Carrosserie,Atelier Carrosserie,Magasin Pieces Rechange,Vente Vehicules Neufs,Atelier Mecanique,Renault Rent,Vente Vehicules Occasion
GARAGE EECLOO BVBA,KWAKKELSTRAAT 5B  8810 LICHTERVELDE,tel:+3251722345,Magasin Pieces Rechange,Vente Vehicules Neufs,Atelier Mecanique,Renault Minute Service
V&D MOTORS NV - TIELT,SCHUIFERSKAPELSESTEENWEG 65 A  8700 TIELT,tel:+3251403634,Atelier Carrosserie,Magasin Pieces Rechange,Vente Vehicules Neufs,Atelier Mecanique
AUTOBEDRIJF VERMEIRE NV,TORHOUTSESTEENWEG 693  8400 OOSTENDE,tel:+3259705147,Atelier Carrosserie,Magasin Pieces Rechange,Vente Vehicules Neufs,Atelier Mecanique,Renault Rent
GARAGE & CAR. MONNAERS EVBA,AZALEASTRAAT 2  9930 ZOMERGEM,tel:+3293724046,Atelier Carrosserie,Magasin Pieces Rechange,Vente Vehicules Neufs,Atelier Mecanique
V&D MOTORS NV - AARSELE,DEINSESTEENWEG 190  8700 TIELT (AARSELE),tel:+3251427864,Atelier Carrosserie,Magasin Pieces Rechange,Vente Vehicules Neufs,Atelier Mecanique,Renault Minute Service,Vente Vehicules Occasion
GARAGE & CARROSSERIE SABA,VOSSELARESTRAAT 67  9850 NEVELE,tel:+3293715767,Atelier Carrosserie,Magasin Pieces Rechange,Vente Vehicules Neufs,Atelier Mecanique
DEVOS-CAPOEN ROESELARE,DIKSMUIDSESTEENWEG 343  8800 ROESELARE,tel:+3251260200,Magasin Pieces Rechange,Vente Vehicules Neufs,Atelier Mecanique
GARAGE G VANDERFAEILLIE,ESENWEG 93  8600 DIKSMUIDE,tel:+3251500490,Magasin Pieces Rechange,Vente Vehicules Neufs,Atelier Mecanique
GARAGE HOLVOET BVBA,SCHOOLSTRAAT 17  8870 IZEGEM,tel:+3251300592,Magasin Pieces Rechange,Vente Vehicules Neufs,Atelier Mecanique
RENAULT MINUTE BREDENE,BRUGSESTEENWEG 51 A  8450 BREDENE,tel:+3259333311,Magasin Pieces Rechange,Vente Vehicules Neufs,Atelier Mecanique,Renault Rent,Renault Minute Service
AUTOBEDRIJF VERMEIRE NV,TORHOUTSESTEENWEG 693  8400 OOSTENDE,tel:+3259705147,Atelier Carrosserie,Magasin Pieces Rechange,Vente Vehicules Neufs,Atelier Mecanique,Renault Rent
GARAGE VANHOVE FRANK BVBA,BRUGSESTEENWEG 101  8420 WENDUINE,tel:+3250415690,Atelier Carrosserie,Magasin Pieces Rechange,Vente Vehicules Neufs,Atelier Mecanique,Renault Minute Service
MAHY BRUGGE,GRASDREEF 2  8200 BRUGGE,,Magasin Pieces Rechange,Vente Vehicules Neufs,Atelier Mecanique
AUTOBEDRIJF DECLEIR BVBA,OOSTENDESTRAAT 258  8820 TORHOUT,tel:+3250215262,Ren Minute Carrosserie,Atelier Carrosserie,Magasin Pieces Rechange,Vente Vehicules Neufs,Atelier Mecanique,Renault Rent,Vente Vehicules Occasion
GARAGE DANIEL CLICTEUR,SINT-PIETERSKAAI 48  8000 BRUGGE,tel:+3250314163,Atelier Carrosserie,Magasin Pieces Rechange,Vente Vehicules Neufs,Atelier Mecanique
GARAGE DEMEYERE BRUGGE,PATHOEKEWEG 11+  8000 BRUGGE,tel:+3250530000,Magasin Pieces Rechange,Vente Vehicules Neufs,Atelier Mecanique
GARAGE G VANDERFAEILLIE,ESENWEG 93  8600 DIKSMUIDE,tel:+3251500490,Magasin Pieces Rechange,Vente Vehicules Neufs,Atelier Mecanique
GARAGE DECLERCK BVBA,ZEELAAN 131  8670 KOKSIJDE,tel:+3258511706,Magasin Pieces Rechange,Vente Vehicules Neufs,Atelier Mecanique
GARAGE DEJAEGHER NV,RODESTRAAT 1  8630 VEURNE,tel:+3258311540,Magasin Pieces Rechange,Vente Vehicules Neufs,Atelier Mecanique
GARAGE EECLOO BVBA,KWAKKELSTRAAT 5B  8810 LICHTERVELDE,tel:+3251722345,Magasin Pieces Rechange,Vente Vehicules Neufs,Atelier Mecanique,Renault Minute Service
GARAGE DEMEYERE KNOKKE-HEIST,WESTKAPELLESTRAAT 180  8301 KNOKKE-HEIST,tel:+3250512318,Magasin Pieces Rechange,Vente Vehicules Neufs,Atelier Mecanique
AUTOBEDRIJF H TEIRLINCK,OEDELEMSESTEENWEG 50  8340 SIJSELE,tel:+3250353736,Magasin Pieces Rechange,Vente Vehicules Neufs,Atelier Mecanique
GARAGE GOETHALS DAVY BVBA,OUDE BRUGGESTRAAT 100  8750 WINGENE,tel:+3251658365,Magasin Pieces Rechange,Vente Vehicules Neufs,Atelier Mecanique
DEVOS-CAPOEN ROESELARE,DIKSMUIDSESTEENWEG 343  8800 ROESELARE,tel:+3251260200,Magasin Pieces Rechange,Vente Vehicules Neufs,Atelier Mecanique
GARAGE LAMEIRE BVBA,BIKSCHOTESTRAAT 17 d.  8920 LANGEMARK-POELKAPELLE,tel:+3257489095,Magasin Pieces Rechange,Vente Vehicules Neufs,Atelier Mecanique
GARAGE LIEVEN BLOMME,STEKELHOEK 1  9910 KNESSELARE,tel:+3293744314,Magasin Pieces Rechange,Vente Vehicules Neufs,Atelier Mecanique
V&D MOTORS NV - MALDEGEM,WEGGEVOERDENLAAN 7  9990 MALDEGEM,tel:+3250712042,Atelier Carrosserie,Magasin Pieces Rechange,Vente Vehicules Neufs,Atelier Mecanique
V&D MOTORS NV - TIELT,SCHUIFERSKAPELSESTEENWEG 65 A  8700 TIELT,tel:+3251403634,Atelier Carrosserie,Magasin Pieces Rechange,Vente Vehicules Neufs,Atelier Mecanique
GARAGE HOLVOET BVBA,SCHOOLSTRAAT 17  8870 IZEGEM,tel:+3251300592,Magasin Pieces Rechange,Vente Vehicules Neufs,Atelier Mecanique
GARAGE DECLERCK BVBA,ZEELAAN 131  8670 KOKSIJDE,tel:+3258511706,Magasin Pieces Rechange,Vente Vehicules Neufs,Atelier Mecanique
GARAGE DEJAEGHER NV,RODESTRAAT 1  8630 VEURNE,tel:+3258311540,Magasin Pieces Rechange,Vente Vehicules Neufs,Atelier Mecanique
GARAGE G VANDERFAEILLIE,ESENWEG 93  8600 DIKSMUIDE,tel:+3251500490,Magasin Pieces Rechange,Vente Vehicules Neufs,Atelier Mecanique
AUTOBEDRIJF VERMEIRE NV,TORHOUTSESTEENWEG 693  8400 OOSTENDE,tel:+3259705147,Atelier Carrosserie,Magasin Pieces Rechange,Vente Vehicules Neufs,Atelier Mecanique,Renault Rent
GARAGE COPPENOLLE BVBA,EUROPALAAN 19  8970 POPERINGE,tel:+3257333796,Atelier Carrosserie,Magasin Pieces Rechange,Vente Vehicules Neufs,Atelier Mecanique
RENAULT MINUTE BREDENE,BRUGSESTEENWEG 51 A  8450 BREDENE,tel:+3259333311,Magasin Pieces Rechange,Vente Vehicules Neufs,Atelier Mecanique,Renault Rent,Renault Minute Service
GARAGE LAMEIRE BVBA,BIKSCHOTESTRAAT 17 d.  8920 LANGEMARK-POELKAPELLE,tel:+3257489095,Magasin Pieces Rechange,Vente Vehicules Neufs,Atelier Mecanique
GARAGE & CAR. LAGROU NV,VEURNSEWEG 6  8900 IEPER,tel:+3257200097,Magasin Pieces Rechange,Vente Vehicules Neufs,Atelier Mecanique
AUTOBEDRIJF DECLEIR BVBA,OOSTENDESTRAAT 258  8820 TORHOUT,tel:+3250215262,Ren Minute Carrosserie,Atelier Carrosserie,Magasin Pieces Rechange,Vente Vehicules Neufs,Atelier Mecanique,Renault Rent,Vente Vehicules Occasion
GARAGE EECLOO BVBA,KWAKKELSTRAAT 5B  8810 LICHTERVELDE,tel:+3251722345,Magasin Pieces Rechange,Vente Vehicules Neufs,Atelier Mecanique,Renault Minute Service
DEVOS-CAPOEN ROESELARE,DIKSMUIDSESTEENWEG 343  8800 ROESELARE,tel:+3251260200,Magasin Pieces Rechange,Vente Vehicules Neufs,Atelier Mecanique
GARAGE VANHOVE FRANK BVBA,BRUGSESTEENWEG 101  8420 WENDUINE,tel:+3250415690,Atelier Carrosserie,Magasin Pieces Rechange,Vente Vehicules Neufs,Atelier Mecanique,Renault Minute Service
MAHY BRUGGE,GRASDREEF 2  8200 BRUGGE,,Magasin Pieces Rechange,Vente Vehicules Neufs,Atelier Mecanique
GARAGE DANIEL CLICTEUR,SINT-PIETERSKAAI 48  8000 BRUGGE,tel:+3250314163,Atelier Carrosserie,Magasin Pieces Rechange,Vente Vehicules Neufs,Atelier Mecanique
GARAGE DEMEYERE BRUGGE,PATHOEKEWEG 11+  8000 BRUGGE,tel:+3250530000,Magasin Pieces Rechange,Vente Vehicules Neufs,Atelier Mecanique
GARAGE GOETHALS DAVY BVBA,OUDE BRUGGESTRAAT 100  8750 WINGENE,tel:+3251658365,Magasin Pieces Rechange,Vente Vehicules Neufs,Atelier Mecanique
GARAGE HOLVOET BVBA,SCHOOLSTRAAT 17  8870 IZEGEM,tel:+3251300592,Magasin Pieces Rechange,Vente Vehicules Neufs,Atelier Mecanique
DEVOS-CAPOEN MENEN,KORTRIJKSTRAAT 269  8930 MENEN,tel:+3256513535,Atelier Carrosserie,Magasin Pieces Rechange,Vente Vehicules Neufs,Atelier Mecanique
AUTOBEDRIJF H TEIRLINCK,OEDELEMSESTEENWEG 50  8340 SIJSELE,tel:+3250353736,Magasin Pieces Rechange,Vente Vehicules Neufs,Atelier Mecanique
V&D MOTORS NV - TIELT,SCHUIFERSKAPELSESTEENWEG 65 A  8700 TIELT,tel:+3251403634,Atelier Carrosserie,Magasin Pieces Rechange,Vente Vehicules Neufs,Atelier Mecanique
H. MAHY NV - GENT (LEDEBERG),BRUSSELSESTEENWEG 135/163  9050 GENT / LEDEBERG,tel:+3292107070,Atelier Carrosserie,Vente Veh. Neufs Z.E.,Magasin Pieces Rechange,Vente Vehicules Neufs,Atelier Mecanique,Apres-vente Z.E.
GARAGE DE BACKER NV,HUNDELGEMSESTEENWEG 100  9820 MERELBEKE,tel:+3292307930,Magasin Pieces Rechange,Vente Vehicules Neufs,Atelier Mecanique
EDDY VAN WONTERGHEM BVBA,EVERGEMSESTEENWEG 68  9032 WONDELGEM,tel:+3292536124,Atelier Carrosserie,Magasin Pieces Rechange,Vente Vehicules Neufs,Atelier Mecanique
GARAGE & CARROSSERIE SABA,VOSSELARESTRAAT 67  9850 NEVELE,tel:+3293715767,Atelier Carrosserie,Magasin Pieces Rechange,Vente Vehicules Neufs,Atelier Mecanique
GARAGE C HAEGHENS BVBA,STEENTJESTRAAT 74  9270 LAARNE,tel:+3293694256,Magasin Pieces Rechange,Vente Vehicules Neufs,Atelier Mecanique,Renault Minute Service
AUTO PALACE BVBA,KONINGIN ASTRIDLAAN 55  9230 WETTEREN,tel:+3293691414,Magasin Pieces Rechange,Vente Vehicules Neufs,Atelier Mecanique
GARAGE & CAR. MONNAERS EVBA,AZALEASTRAAT 2  9930 ZOMERGEM,tel:+3293724046,Atelier Carrosserie,Magasin Pieces Rechange,Vente Vehicules Neufs,Atelier Mecanique
GARAGE REHEUL NV,KAPELLESTRAAT 61 - 63  9800 DEINZE,tel:+3293862740,Magasin Pieces Rechange,Vente Vehicules Neufs,Atelier Mecanique
GARAGE A PARMENTIER,DENDERMONDSESTEENWEG 42A  9260 WICHELEN (SCHELLEBELLE),tel:+3293699662,Magasin Pieces Rechange,Vente Vehicules Neufs,Atelier Mecanique
GARAGE VAN TITTELBOOM BVBA,GROTE STEENWEG 346  9340 LEDE,tel:+3253803566,Atelier Carrosserie,Magasin Pieces Rechange,Vente Vehicules Neufs,Atelier Mecanique
GARAGE N BAELE BVBA,KENNEDYLN 9-IND PARK ROSTEYNE  9060 ZELZATE,tel:+3293429777,Ren Minute Carrosserie,Atelier Carrosserie,Magasin Pieces Rechange,Vente Vehicules Neufs,Atelier Mecanique
GARAGE DE VUYST NV,STATIONSTRAAT 2  9890 GAVERE (ASPER),tel:+3293840110,Atelier Carrosserie,Magasin Pieces Rechange,Vente Vehicules Neufs,Atelier Mecanique
GARAGE VERDONCK NV,NONNENBOSSTRAAT 117  9340 LEDE (WANZELE),tel:+3253802382,Magasin Pieces Rechange,Vente Vehicules Neufs,Atelier Mecanique
GARAGE & CAR. VANDERHAEGHEN,STATIONSSTRAAT 27  9636 ZWALM (NEDERZWALM),tel:+3255499767,Magasin Pieces Rechange,Vente Vehicules Neufs,Atelier Mecanique
GARAGE DE BEULE BVBA,EMILE HERTECANTLAAN 38 A.  9290 BERLARE,tel:+3252423948,Magasin Pieces Rechange,Vente Vehicules Neufs,Atelier Mecanique
GARAGE DIELEMAN - ZELE,GENTSESTEENWEG 148  9240 ZELE,tel:+3252447402,Magasin Pieces Rechange,Vente Vehicules Neufs,Atelier Mecanique,Vente Vehicules Occasion
P & A MAHY - LOKEREN,WOLFSAKKER 1-INDUSTRIEPARK E17-2  9160 LOKEREN,tel:+3293494044,Atelier Carrosserie,Magasin Pieces Rechange,Vente Vehicules Neufs,Atelier Mecanique,Renault Minute Service
GARAGE VAN BRANTEGEM BVBA,HOOGSTRAAT 120.  9550 HERZELE,tel:+3253622222,Atelier Carrosserie,Magasin Pieces Rechange,Vente Vehicules Neufs,Atelier Mecanique
GARAGE VAN TWEMBEKE & ZOON BVBA,BOEKELBAAN 2  9630 ZWALM,tel:+3255499296,Magasin Pieces Rechange,Vente Vehicules Neufs,Atelier Mecanique,Renault Minute Service
GARAGE LIEVEN BLOMME,STEKELHOEK 1  9910 KNESSELARE,tel:+3293744314,Magasin Pieces Rechange,Vente Vehicules Neufs,Atelier Mecanique
GARAGE DEVOS CAPOEN BVBA - KORTRIJK,BRUGSESTEENWEG 30  8520 KUURNE (KORTRIJK),tel:+3256354585,Atelier Carrosserie,Vente Veh. Neufs Z.E.,Magasin Pieces Rechange,Vente Vehicules Neufs,Atelier Mecanique,Apres-vente Z.E.,Renault Rent,Pro+,Initiale Paris,Vente Vehicules Occasion,Renault Sport Technologie
RENAULT MOUSCRON,RUE DU BOCLE 25  7700 MOUSCRON (LUINGNE),tel:+3256332634,Atelier Carrosserie,Magasin Pieces Rechange,Vente Vehicules Neufs,Atelier Mecanique
DEVOS-CAPOEN MENEN,KORTRIJKSTRAAT 269  8930 MENEN,tel:+3256513535,Atelier Carrosserie,Magasin Pieces Rechange,Vente Vehicules Neufs,Atelier Mecanique
GARAGE W BOSSUYT NV,GENTSEWEG 76  8792 WAREGEM (DESSELGEM),tel:+3256712267,Atelier Carrosserie,Magasin Pieces Rechange,Vente Vehicules Neufs,Atelier Mecanique,Pro+
GARAGE HOLVOET BVBA,SCHOOLSTRAAT 17  8870 IZEGEM,tel:+3251300592,Magasin Pieces Rechange,Vente Vehicules Neufs,Atelier Mecanique
GARAGE VLIEGHE,GAUWELSTRAAT. 62  8551 HEESTERT,tel:+3256644702,Magasin Pieces Rechange,Vente Vehicules Neufs,Atelier Mecanique
AUTOBEDRIJF CITY CARS BVBA,"DOORNIKSEWEG, 24  8587 SPIERE-HELKIJN",tel:+3256216444,Magasin Pieces Rechange,Vente Vehicules Neufs,Atelier Mecanique,Renault Minute Service
GARAGE DEBUE BVBA,KORTE WINTERSTRAAT 1  8570 ANZEGEM,tel:+3256688255,Magasin Pieces Rechange,Vente Vehicules Neufs,Atelier Mecanique
DEVOS-CAPOEN ROESELARE,DIKSMUIDSESTEENWEG 343  8800 ROESELARE,tel:+3251260200,Magasin Pieces Rechange,Vente Vehicules Neufs,Atelier Mecanique
GARAGE DE CONINCK CH,BIESVIJVERSTRAAT 8 A  9790 WORTEGEM-PETEGEM,tel:+3255319796,Magasin Pieces Rechange,Vente Vehicules Neufs,Atelier Mecanique
V&D MOTORS NV - AARSELE,DEINSESTEENWEG 190  8700 TIELT (AARSELE),tel:+3251427864,Atelier Carrosserie,Magasin Pieces Rechange,Vente Vehicules Neufs,Atelier Mecanique,Renault Minute Service,Vente Vehicules Occasion
RENAULT TOURNAI SA,RUE DE MAIRE 9  7503 TOURNAI (FROYENNES),tel:+3269224921,Atelier Carrosserie,Vente Veh. Neufs Z.E.,Magasin Pieces Rechange,Vente Vehicules Neufs,Atelier Mecanique,Apres-vente Z.E.,Pro+,Renault Minute Service
V&D MOTORS NV - TIELT,SCHUIFERSKAPELSESTEENWEG 65 A  8700 TIELT,tel:+3251403634,Atelier Carrosserie,Magasin Pieces Rechange,Vente Vehicules Neufs,Atelier Mecanique
GARAGE UYTTENDAELE NV,RONSEWEG 48  9700 OUDENAARDE,tel:+3255311413,Atelier Carrosserie,Magasin Pieces Rechange,Vente Vehicules Neufs,Atelier Mecanique
GARAGE DEKEYSER BVBA,OUDE VESTEN 47 VIEUX REMPARTS  9600 RONSE / RENAIX,tel:+3255213568,Magasin Pieces Rechange,Vente Vehicules Neufs,Atelier Mecanique
GARAGE EECLOO BVBA,KWAKKELSTRAAT 5B  8810 LICHTERVELDE,tel:+3251722345,Magasin Pieces Rechange,Vente Vehicules Neufs,Atelier Mecanique,Renault Minute Service
GARAGE GOETHALS DAVY BVBA,OUDE BRUGGESTRAAT 100  8750 WINGENE,tel:+3251658365,Magasin Pieces Rechange,Vente Vehicules Neufs,Atelier Mecanique
GARAGE LAMEIRE BVBA,BIKSCHOTESTRAAT 17 d.  8920 LANGEMARK-POELKAPELLE,tel:+3257489095,Magasin Pieces Rechange,Vente Vehicules Neufs,Atelier Mecanique
GARAGE & CAR. LAGROU NV,VEURNSEWEG 6  8900 IEPER,tel:+3257200097,Magasin Pieces Rechange,Vente Vehicules Neufs,Atelier Mecanique
GARAGE REHEUL NV,KAPELLESTRAAT 61 - 63  9800 DEINZE,tel:+3293862740,Magasin Pieces Rechange,Vente Vehicules Neufs,Atelier Mecanique
R.S. BIANCHI SPRL,RUE SAINT-BERNARD 125  1060 BRUXELLES-BRUSSEL,tel:+3225373359,Magasin Pieces Rechange,Vente Vehicules Neufs,Atelier Mecanique
C.G.O. CENTER,"AV. LOUIS DE BROUCKERELAAN, 34-36  1083 GANSHOREN",tel:+3224781313,Magasin Pieces Rechange,Vente Vehicules Neufs,Atelier Mecanique
RENAULT RETAIL GROUP-RENAULT MEISER,CHAUSSEE DE LOUVAIN 662/664  1030 BRUXELLES-BRUSSEL,tel:+3227021411,Magasin Pieces Rechange,Vente Vehicules Neufs,Atelier Mecanique,Vente Vehicules Occasion
RENAULT ST-GUIDON,RUE ST-GUIDON 81  1070 BRUXELLES-BRUSSEL,tel:+3225221922,Magasin Pieces Rechange,Vente Vehicules Neufs,Atelier Mecanique
GARAGE TOBY,AVENUE D'AVRIL 51  1200 BRUXELLES-BRUSSEL,tel:+3227344927,Magasin Pieces Rechange,Vente Vehicules Neufs,Atelier Mecanique,Renault Minute Service
GARAGE DU HEYSEL,RUE REPER VREVEN 141  1020 BRUXELLES-BRUSSEL,tel:+3224793959,Magasin Pieces Rechange,Vente Vehicules Neufs,Atelier Mecanique
RENAULT RETAIL GROUP-RENAULT PLAINE,BLD DE LA PLAINE 21  1050 BRUXELLES-BRUSSEL,tel:+3226443030,Ren Minute Carrosserie,Atelier Carrosserie,Vente Veh. Neufs Z.E.,Magasin Pieces Rechange,Vente Vehicules Neufs,Atelier Mecanique,Apres-vente Z.E.,Renault Minute Service,Vente Vehicules Occasion
GARAGE VANDERIECK BVBA,GEMENEBEEMDENSTRAAT 17  1120 BRUXELLES-BRUSSEL,tel:+3222161503,Magasin Pieces Rechange,Vente Vehicules Neufs,Atelier Mecanique
EUROP MOTORS SPRL,CHEF DE WAVRE 1222  1160 BRUXELLES-BRUSSEL,tel:+3226730027,Magasin Pieces Rechange,Vente Vehicules Neufs,Atelier Mecanique
RENAULT RETAIL GROUP-RENAULT DROGENBOS,AVENUE W.A. MOZART 21  1620 DROGENBOS,tel:+3223701200,Atelier Carrosserie,Vente Veh. Neufs Z.E.,Magasin Pieces Rechange,Vente Vehicules Neufs,Atelier Mecanique,Apres-vente Z.E.,Pro+,Renault Minute Service,Initiale Paris,Vente Vehicules Occasion,Renault Sport Technologie
GARAGE DES ARCADES SA,DREVE DES WEIGELIAS 2  1170 BRUXELLES-BRUSSEL,tel:+3226602002,Magasin Pieces Rechange,Vente Vehicules Neufs,Atelier Mecanique
GRIMBERGEN MOTORS BVBA,SINT-AMANDSTRAAT 54/56  1853 STROMBEEK-BEVER,tel:+3222671951,Magasin Pieces Rechange,Vente Vehicules Neufs,Atelier Mecanique
GARAGE VALCKENIER ZAVENTEM,LEUVENSESTEENWEG 400  1932 ZAVENTEM,tel:+3227565660,Atelier Carrosserie,Magasin Pieces Rechange,Vente Vehicules Neufs,Atelier Mecanique,Pro+,Initiale Paris
GARAGE VALCKENIER KOBBEGEM,BRUSSELSESTEENWEG 337  1730 ASSE-KOBBEGEM,tel:+3224560890,Atelier Carrosserie,Magasin Pieces Rechange,Vente Vehicules Neufs,Atelier Mecanique,Renault Rent,Renault Minute Service
LD MOTORS BVBA,Perksestraat 11  1800 Vilvoorde,tel:+3227571214,Magasin Pieces Rechange,Vente Vehicules Neufs,Atelier Mecanique
GARAGE MEULEMANS BVBA,PAARDENMARKTSTRAAT 24  3080 TERVUREN,tel:+3227674456,Magasin Pieces Rechange,Vente Vehicules Neufs,Atelier Mecanique
GORGON MOTORS NV,BERGENSESTEENWEG 776 b  1600 SINT-PIETERS-LEEUW,tel:+3223603760,Atelier Carrosserie,Magasin Pieces Rechange,Vente Vehicules Neufs,Atelier Mecanique,Renault Minute Service,Vente Vehicules Occasion
RENAULT MOTORS SA,CHAUSSEE DE BRUXELLES 39  1410 WATERLOO,tel:+3223541617,Atelier Carrosserie,Magasin Pieces Rechange,Vente Vehicules Neufs,Atelier Mecanique,Renault Rent,Initiale Paris,Renault Sport Technologie
THOMAS AUTOMOTIVE,KLEI 133  1745 OPWIJK,tel:+3252370806,Atelier Carrosserie,Magasin Pieces Rechange,Vente Vehicules Neufs,Atelier Mecanique
RENAULT MOTORS GENVAL S.A.,AVENUE ALBERT 1ER 20  1332 GENVAL,tel:+3226539961,Atelier Carrosserie,Magasin Pieces Rechange,Vente Vehicules Neufs,Atelier Mecanique
GROUP PASHUYSEN LEUVEN,AARSCHOTSESTEENWEG 110  3012 LEUVEN,tel:+3216270080,Magasin Pieces Rechange,Vente Vehicules Neufs,Atelier Mecanique
GARAGE WILLEMS PHILIP,BLANDENSTRAAT 94/96  3053 HAASRODE,tel:+3216408181,Magasin Pieces Rechange,Vente Vehicules Neufs,Atelier Mecanique
KAMPENHOUT MOTORS NV,LEUVENSESTEENWEG 61  1910 KAMPENHOUT,tel:+3216650001,Atelier Carrosserie,Magasin Pieces Rechange,Vente Vehicules Neufs,Atelier Mecanique
GARAGE BOGAERTS B.V.B.A.,PATER DAMIAANSTRAAT 17  3120 TREMELO,tel:+3216530502,Magasin Pieces Rechange,Vente Vehicules Neufs,Atelier Mecanique
GROUP PASHUYSEN AARSCHOT,GASTON GEENSLAAN 10-12  3200 AARSCHOT,tel:+3216567084,Ren Minute Carrosserie,Atelier Carrosserie,Vente Veh. Neufs Z.E.,Magasin Pieces Rechange,Vente Vehicules Neufs,Atelier Mecanique,Apres-vente Z.E.,Renault Rent,Pro+,Renault Minute Service,Vente Vehicules Occasion,Renault Sport Technologie
GARAGE MEULEMANS BVBA,PAARDENMARKTSTRAAT 24  3080 TERVUREN,tel:+3227674456,Magasin Pieces Rechange,Vente Vehicules Neufs,Atelier Mecanique
GARAGE VALCKENIER ZAVENTEM,LEUVENSESTEENWEG 400  1932 ZAVENTEM,tel:+3227565660,Atelier Carrosserie,Magasin Pieces Rechange,Vente Vehicules Neufs,Atelier Mecanique,Pro+,Initiale Paris
LD MOTORS BVBA,Perksestraat 11  1800 Vilvoorde,tel:+3227571214,Magasin Pieces Rechange,Vente Vehicules Neufs,Atelier Mecanique
RENAULT MOTORS - JODOIGNE SA,"RUE PRE DU PONT, 30  1370 JODOIGNE",tel:+3210818020,Ren Minute Carrosserie,Atelier Carrosserie,Magasin Pieces Rechange,Vente Vehicules Neufs,Atelier Mecanique,Renault Rent
GARAGE MEULDERS BVBA,MECHELBAAN 294  2580 PUTTE,tel:+3215756173,Atelier Carrosserie,Magasin Pieces Rechange,Vente Vehicules Neufs,Atelier Mecanique
GARAGE TOBY,AVENUE D'AVRIL 51  1200 BRUXELLES-BRUSSEL,tel:+3227344927,Magasin Pieces Rechange,Vente Vehicules Neufs,Atelier Mecanique,Renault Minute Service
RENAULT WAVRE,CHAUSSEE DE NAMUR 140  1300 WAVRE,tel:+3210454040,Atelier Carrosserie,Magasin Pieces Rechange,Vente Vehicules Neufs,Atelier Mecanique,Renault Rent,Pro+
RENAULT RETAIL GROUP-RENAULT MEISER,CHAUSSEE DE LOUVAIN 662/664  1030 BRUXELLES-BRUSSEL,tel:+3227021411,Magasin Pieces Rechange,Vente Vehicules Neufs,Atelier Mecanique,Vente Vehicules Occasion
AUTOPARTNERS MECHELEN,JUBELLAAN 62  2800 MECHELEN,tel:+3215459999,Atelier Carrosserie,Vente Veh. Neufs Z.E.,Magasin Pieces Rechange,Vente Vehicules Neufs,Atelier Mecanique,Apres-vente Z.E.,Renault Rent,Pro+,Vente Vehicules Occasion
GARAGE P & P MOTORS NV,MANNENBERG 11  3270 SCHERPENHEUVEL,tel:+3213771768,Atelier Carrosserie,Magasin Pieces Rechange,Vente Vehicules Neufs,Atelier Mecanique,Vente Vehicules Occasion
EUROP MOTORS SPRL,CHEF DE WAVRE 1222  1160 BRUXELLES-BRUSSEL,tel:+3226730027,Magasin Pieces Rechange,Vente Vehicules Neufs,Atelier Mecanique
GARAGE VANDERIECK BVBA,GEMENEBEEMDENSTRAAT 17  1120 BRUXELLES-BRUSSEL,tel:+3222161503,Magasin Pieces Rechange,Vente Vehicules Neufs,Atelier Mecanique
RENAULT RETAIL GROUP-RENAULT PLAINE,BLD DE LA PLAINE 21  1050 BRUXELLES-BRUSSEL,tel:+3226443030,Ren Minute Carrosserie,Atelier Carrosserie,Vente Veh. Neufs Z.E.,Magasin Pieces Rechange,Vente Vehicules Neufs,Atelier Mecanique,Apres-vente Z.E.,Renault Minute Service,Vente Vehicules Occasion
GARAGE DES ARCADES SA,DREVE DES WEIGELIAS 2  1170 BRUXELLES-BRUSSEL,tel:+3226602002,Magasin Pieces Rechange,Vente Vehicules Neufs,Atelier Mecanique
RENAULT MOTORS GENVAL S.A.,AVENUE ALBERT 1ER 20  1332 GENVAL,tel:+3226539961,Atelier Carrosserie,Magasin Pieces Rechange,Vente Vehicules Neufs,Atelier Mecanique
DACIA MONS,RUE DU GRAND COURANT 2  7033 MONS (CUESMES),tel:+3265590950,Magasin Pieces Rechange,Vente Vehicules Neufs,Atelier Mecanique
CARROMNIA SPRL,RUE MONTE EN PEINE 82  7022 MONS (HYON),tel:+3265361616,Ren Minute Carrosserie,Atelier Carrosserie,Magasin Pieces Rechange,Vente Vehicules Neufs,Atelier Mecanique
GARAGE DUFOUR,RUE DE BOUSSU 145  7333 TERTRE,tel:+3265621221,Atelier Carrosserie,Magasin Pieces Rechange,Vente Vehicules Neufs,Atelier Mecanique
GARAGE J R DURIEU ET FILS,CHAUSSEE DE ROEULX 457  7060 SOIGNIES (NAAST),tel:+3267332130,Magasin Pieces Rechange,Vente Vehicules Neufs,Atelier Mecanique,Renault Minute Service
GARAGE L ROOSA,RUE LEON MAHIEU 60  7350 HENSIES (THULIN),tel:+3265652808,Atelier Carrosserie,Magasin Pieces Rechange,Vente Vehicules Neufs,Atelier Mecanique
AUTOPRECISION SA - LA LOUVIERE,CHAUSSEE DE REDEMONT 8  7100 LA LOUVIERE,tel:+3264227224,Atelier Carrosserie,Magasin Pieces Rechange,Vente Vehicules Neufs,Atelier Mecanique
GARAGE FRANCQ SPRL,AV DE LA DEPORTATION 1  7190 ECAUSSINNES,tel:+3267442124,Magasin Pieces Rechange,Vente Vehicules Neufs,Atelier Mecanique
GARAGE VERZELE SPRL,RUE DE MONS 154/156.  7380 QUIEVRAIN,tel:+3265450300,Atelier Carrosserie,Magasin Pieces Rechange,Vente Vehicules Neufs,Atelier Mecanique
GARAGE FAMA & FILS SPRL,AVENUE DE LANDRECIES 3  7170 MANAGE (FAYT-LEZ-MANAGE),tel:+3264548505,Vente Veh. Neufs Z.E.,Magasin Pieces Rechange,Vente Vehicules Neufs,Atelier Mecanique,Apres-vente Z.E.
B.L.C. MOTORS SPRL,CHAUSSEE DE BRUXELLES 58  7090 BRAINE-LE-COMTE,tel:+3267561018,Atelier Carrosserie,Magasin Pieces Rechange,Vente Vehicules Neufs,Atelier Mecanique
RENAULT ATH SA,CHAUSSEE DE TOURNAI 159  7800 ATH,tel:+3268283877,Atelier Carrosserie,Magasin Pieces Rechange,Vente Vehicules Neufs,Atelier Mecanique
GSL MOTORS - FONTAINE L'EVEQUE,ROUTE DE MONS 502  6140 FONTAINE L'EVEQUE,tel:+3271549400,Atelier Carrosserie,Magasin Pieces Rechange,Vente Vehicules Neufs,Atelier Mecanique,Pro+
RENAULT TISON - COURCELLES,RUE DE CHAPELLE 130  6183 COURCELLES (TRAZEGNIES),tel:+3271450800,Atelier Carrosserie,Magasin Pieces Rechange,Vente Vehicules Neufs,Atelier Mecanique
CHARL'AUTO PERUWELZ SPRL,NEUVE CHAUSSEE 76 A.  7600 PERUWELZ,tel:+3269776737,Atelier Carrosserie,Magasin Pieces Rechange,Vente Vehicules Neufs,Atelier Mecanique,Renault Minute Service
GROUP DUYCK,CHAUSSEE D'ASSE 221  1540 HERFELINGEN,tel:+3254566695,Atelier Carrosserie,Magasin Pieces Rechange,Vente Vehicules Neufs,Atelier Mecanique
GARAGE TRIMPONT SPRL,"CHAUSSEE G. RICHET, 164 b  7860 LESSINES",tel:+3268334269,Magasin Pieces Rechange,Vente Vehicules Neufs,Atelier Mecanique
GARAGE NATIONALE 7 SPRLU,ROUTE PROVINCIALE 39  1480 TUBIZE,tel:+3223900070,Ren Minute Carrosserie,Atelier Carrosserie,Magasin Pieces Rechange,Vente Vehicules Neufs,Atelier Mecanique,Vente Vehicules Occasion
RENAULT MOTORS - NIVELLES SA,CHAUSSEE DE NAMUR 87  1400 NIVELLES,tel:+3267894620,Atelier Carrosserie,Magasin Pieces Rechange,Vente Vehicules Neufs,Atelier Mecanique,Renault Rent
GARAGE GUSBIN MOTOR SPRL,RUE DEMOULIN 9  6120 MARBAIX-LA-TOUR,tel:+3271213354,Atelier Carrosserie,Magasin Pieces Rechange,Vente Vehicules Neufs,Atelier Mecanique
RENAULT LODELINSART SA,CHAUSSEE DE BRUXELLES 391  6042 LODELINSART,tel:+3271320110,Atelier Carrosserie,Magasin Pieces Rechange,Vente Vehicules Neufs,Atelier Mecanique
RENAULT LODELINSART SA,CHAUSSEE DE BRUXELLES 391  6042 LODELINSART,tel:+3271320110,Atelier Carrosserie,Magasin Pieces Rechange,Vente Vehicules Neufs,Atelier Mecanique
RENAULT SUD SA - COUILLET,CHAUSSEE DE PHILIPPEVILLE 301  6010 COUILLET,tel:+3271363535,Atelier Carrosserie,Vente Veh. Neufs Z.E.,Magasin Pieces Rechange,Vente Vehicules Neufs,Atelier Mecanique,Apres-vente Z.E.
AUTO EST - MONTIGNIES-SUR-SAMBRE,CHAUSSEE DE CHATELINEAU 280  6061 MONTIGNIES-SUR-SAMBRE,tel:+3271200780,Magasin Pieces Rechange,Vente Vehicules Neufs,Atelier Mecanique
RENAULT FLEURUS,CHEE DE CHARLEROI 748-ZON.IND.  6220 FLEURUS,tel:+3271811575,Atelier Carrosserie,Magasin Pieces Rechange,Vente Vehicules Neufs,Atelier Mecanique
GSL MOTORS - FONTAINE L'EVEQUE,ROUTE DE MONS 502  6140 FONTAINE L'EVEQUE,tel:+3271549400,Atelier Carrosserie,Magasin Pieces Rechange,Vente Vehicules Neufs,Atelier Mecanique,Pro+
RENAULT TISON - COURCELLES,RUE DE CHAPELLE 130  6183 COURCELLES (TRAZEGNIES),tel:+3271450800,Atelier Carrosserie,Magasin Pieces Rechange,Vente Vehicules Neufs,Atelier Mecanique
GARAGE GUSBIN MOTOR SPRL,RUE DEMOULIN 9  6120 MARBAIX-LA-TOUR,tel:+3271213354,Atelier Carrosserie,Magasin Pieces Rechange,Vente Vehicules Neufs,Atelier Mecanique
SAMBREVILLE AUTOMOBILES SPRL,ROUTE D'EGHEZEE 46  5060 AUVELAIS (SAMBREVILLE,tel:+3271771405,Magasin Pieces Rechange,Vente Vehicules Neufs,Atelier Mecanique
GARAGE DU STAIN SPRL,RUE BOIS DU LOUP 11  5140 SOMBREFFE-LIGNY,tel:+3271887673,Atelier Carrosserie,Magasin Pieces Rechange,Vente Vehicules Neufs,Atelier Mecanique
AUTOPRECISION SA - LA LOUVIERE,CHAUSSEE DE REDEMONT 8  7100 LA LOUVIERE,tel:+3264227224,Atelier Carrosserie,Magasin Pieces Rechange,Vente Vehicules Neufs,Atelier Mecanique
GARAGE FAMA & FILS SPRL,AVENUE DE LANDRECIES 3  7170 MANAGE (FAYT-LEZ-MANAGE),tel:+3264548505,Vente Veh. Neufs Z.E.,Magasin Pieces Rechange,Vente Vehicules Neufs,Atelier Mecanique,Apres-vente Z.E.
RENAULT MOTORS - NIVELLES SA,CHAUSSEE DE NAMUR 87  1400 NIVELLES,tel:+3267894620,Atelier Carrosserie,Magasin Pieces Rechange,Vente Vehicules Neufs,Atelier Mecanique,Renault Rent
GARAGE HENNAUX S.A.,RUE FERME DE LA VALLEE 7  5150 FLOREFFE,tel:+3281433040,Magasin Pieces Rechange,Vente Vehicules Neufs,Atelier Mecanique,Vente Vehicules Occasion
RENAULT MOTORS GENAPPE,CHEE DE BRUXELLES 26  1472 GENAPPE (VIEUX-GENAPPE),tel:+3267645690,Ren Minute Carrosserie,Atelier Carrosserie,Vente Veh. Neufs Z.E.,Magasin Pieces Rechange,Vente Vehicules Neufs,Atelier Mecanique,Apres-vente Z.E.,Renault Rent,Renault Minute Service,Vente Vehicules Occasion
GARAGE PIRAUX SPRL,RUE D'ANTHEE 73  5644 ERMETON-SUR-BIERT (METTET),tel:+3271727122,Atelier Carrosserie,Magasin Pieces Rechange,Vente Vehicules Neufs,Atelier Mecanique
RENAULT PHILIPPEVILLE,ZONING DES QUATRE BRAS 30  5600 PHILIPPEVILLE,tel:+3271660440,Atelier Carrosserie,Magasin Pieces Rechange,Vente Vehicules Neufs,Atelier Mecanique
GARAGE FRANCQ SPRL,AV DE LA DEPORTATION 1  7190 ECAUSSINNES,tel:+3267442124,Magasin Pieces Rechange,Vente Vehicules Neufs,Atelier Mecanique
GARAGE DES 4 BRAS,ROUTE PROVINCIALE 100  1450 CHASTRE,tel:+3210844243,Atelier Carrosserie,Magasin Pieces Rechange,Vente Vehicules Neufs,Atelier Mecanique
RENAULT MOTORS GEMBLOUX S.A.,CHAUSSEE DE TIRLEMONT-ZONE INDUSTR.  5030 GEMBLOUX,tel:+3281614061,Atelier Carrosserie,Magasin Pieces Rechange,Vente Vehicules Neufs,Atelier Mecanique
RUN ART AUTOMOBILE SPRL,AVENUE PROVINCIALE 51  1341 OTTIGNIES,tel:+3210620400,Atelier Carrosserie,Magasin Pieces Rechange,Vente Vehicules Neufs,Atelier Mecanique,Vente Vehicules Occasion
RENAULT MOTORS NAMUR S.A.,CHAUSSEE DE LOUVAIN 602  5020 NAMUR,tel:+3281212400,Atelier Carrosserie,Vente Veh. Neufs Z.E.,Magasin Pieces Rechange,Vente Vehicules Neufs,Atelier Mecanique,Apres-vente Z.E.,Renault Minute Service,Vente Vehicules Occasion
GARAGE HENNAUX S.A.,RUE FERME DE LA VALLEE 7  5150 FLOREFFE,tel:+3281433040,Magasin Pieces Rechange,Vente Vehicules Neufs,Atelier Mecanique,Vente Vehicules Occasion
HERON MOTORS SPRL,CHAUSSEE DE WAVRE 72  4217 HERON,tel:+3285711672,Magasin Pieces Rechange,Vente Vehicules Neufs,Atelier Mecanique
SAMBREVILLE AUTOMOBILES SPRL,ROUTE D'EGHEZEE 46  5060 AUVELAIS (SAMBREVILLE,tel:+3271771405,Magasin Pieces Rechange,Vente Vehicules Neufs,Atelier Mecanique
RENAULT MOTORS GEMBLOUX S.A.,CHAUSSEE DE TIRLEMONT-ZONE INDUSTR.  5030 GEMBLOUX,tel:+3281614061,Atelier Carrosserie,Magasin Pieces Rechange,Vente Vehicules Neufs,Atelier Mecanique
GARAGE DU STAIN SPRL,RUE BOIS DU LOUP 11  5140 SOMBREFFE-LIGNY,tel:+3271887673,Atelier Carrosserie,Magasin Pieces Rechange,Vente Vehicules Neufs,Atelier Mecanique
GARAGE DES 4 BRAS,ROUTE PROVINCIALE 100  1450 CHASTRE,tel:+3210844243,Atelier Carrosserie,Magasin Pieces Rechange,Vente Vehicules Neufs,Atelier Mecanique
GARAGE PIRAUX SPRL,RUE D'ANTHEE 73  5644 ERMETON-SUR-BIERT (METTET),tel:+3271727122,Atelier Carrosserie,Magasin Pieces Rechange,Vente Vehicules Neufs,Atelier Mecanique
GARAGE EUROPE,TIENNE DE L'EUROPE 6  5500 DINANT,tel:+3282222203,Atelier Carrosserie,Magasin Pieces Rechange,Vente Vehicules Neufs,Atelier Mecanique
RENAULT FLEURUS,CHEE DE CHARLEROI 748-ZON.IND.  6220 FLEURUS,tel:+3271811575,Atelier Carrosserie,Magasin Pieces Rechange,Vente Vehicules Neufs,Atelier Mecanique
CONDROZ MOTORS CINEY SPRL,RUE DU MARCHE COUVERT 4  5590 CINEY,tel:+3283212911,Magasin Pieces Rechange,Vente Vehicules Neufs,Atelier Mecanique
AUTO EST - MONTIGNIES-SUR-SAMBRE,CHAUSSEE DE CHATELINEAU 280  6061 MONTIGNIES-SUR-SAMBRE,tel:+3271200780,Magasin Pieces Rechange,Vente Vehicules Neufs,Atelier Mecanique
RENAULT MOTORS HANNUT SA,RUE DU LUXEMBOURG 13  4280 HANNUT,tel:+3219519251,Magasin Pieces Rechange,Vente Vehicules Neufs,Atelier Mecanique
INITIAL AUTO - HUY,QUAI D'ARONA 10  4500 HUY,tel:+3285212057,Ren Minute Carrosserie,Atelier Carrosserie,Magasin Pieces Rechange,Vente Vehicules Neufs,Atelier Mecanique,Initiale Paris
RENAULT MOTORS - JODOIGNE SA,"RUE PRE DU PONT, 30  1370 JODOIGNE",tel:+3210818020,Ren Minute Carrosserie,Atelier Carrosserie,Magasin Pieces Rechange,Vente Vehicules Neufs,Atelier Mecanique,Renault Rent
RENAULT SUD SA - COUILLET,CHAUSSEE DE PHILIPPEVILLE 301  6010 COUILLET,tel:+3271363535,Atelier Carrosserie,Vente Veh. Neufs Z.E.,Magasin Pieces Rechange,Vente Vehicules Neufs,Atelier Mecanique,Apres-vente Z.E.
RUN ART AUTOMOBILE SPRL,AVENUE PROVINCIALE 51  1341 OTTIGNIES,tel:+3210620400,Atelier Carrosserie,Magasin Pieces Rechange,Vente Vehicules Neufs,Atelier Mecanique,Vente Vehicules Occasion
RENAULT LODELINSART SA,CHAUSSEE DE BRUXELLES 391  6042 LODELINSART,tel:+3271320110,Atelier Carrosserie,Magasin Pieces Rechange,Vente Vehicules Neufs,Atelier Mecanique
RENAULT WAVRE,CHAUSSEE DE NAMUR 140  1300 WAVRE,tel:+3210454040,Atelier Carrosserie,Magasin Pieces Rechange,Vente Vehicules Neufs,Atelier Mecanique,Renault Rent,Pro+
GARAGE G HEYNE SPRL,RUE A. FOUARGE 3  4540 AMAY (OMBRET),tel:+3285311477,Atelier Carrosserie,Magasin Pieces Rechange,Vente Vehicules Neufs,Atelier Mecanique
GARAGE ROBERT SCHMIT SA,ROUTE DE BASTOGNE 384  6700 ARLON,tel:+3263245790,Atelier Carrosserie,Magasin Pieces Rechange,Vente Vehicules Neufs,Atelier Mecanique
WARLING SPRL,RUE DE LA FORGE 43  6792 HALANZY (AUBANGE),tel:+3263370555,Magasin Pieces Rechange,Vente Vehicules Neufs,Atelier Mecanique
GARAGE BLAISE,RUE DE RODANGE 113  6791 ATHUS,tel:+3263389133,Atelier Carrosserie,Magasin Pieces Rechange,Vente Vehicules Neufs,Atelier Mecanique
GAUMAUTO,Z.I. LE HAUT DU SUD  6730 TINTIGNY,tel:+3263411711,Magasin Pieces Rechange,Vente Vehicules Neufs,Atelier Mecanique
WARLING SPRL,AVENUE DE LA GRANGE AU BOIS 20  6760 VIRTON,tel:+3263444405,Atelier Carrosserie,Magasin Pieces Rechange,Vente Vehicules Neufs,Atelier Mecanique
GARAGE MANUEL LLORENS SPRL,ROUTE DE NEUFCHATEAU 226  6600 BASTOGNE,tel:+3261217190,Atelier Carrosserie,Magasin Pieces Rechange,Vente Vehicules Neufs,Atelier Mecanique
CENTRALE AUTOMOBILE SPRL,"RECOGNE,ROUTE DE SAINT-HUBERT,60  6800 LIBRAMONT-CHEVIGNY",tel:+3261224840,Atelier Carrosserie,Magasin Pieces Rechange,Vente Vehicules Neufs,Atelier Mecanique
GARAGE PIERRE BIETHERES ET FILS SPRL,HONVELEZ 38 A  6671 GOUVY,tel:+3280214069,Magasin Pieces Rechange,Vente Vehicules Neufs,Atelier Mecanique
GARAGE ALBERT SA,STATION 59  5575 GEDINNE,tel:+3261588095,Atelier Carrosserie,Magasin Pieces Rechange,Vente Vehicules Neufs,Atelier Mecanique
TESTDEALER RBL,Teststraat 1  1045 TESTPLAATS,,Vente Vehicules Neufs,Vente Vehicules Occasion
GARAGE & CARR. COLSON SPRL,RUE DE CINEY 127  5580 ROCHEFORT,tel:+3284211060,Magasin Pieces Rechange,Vente Vehicules Neufs,Atelier Mecanique
INTEGRAL AUTO SA - MARCHE,CHAUSSEE DE LIEGE 130  6900 MARCHE-EN-FAMENNE,tel:+3284316131,Atelier Carrosserie,Vente Veh. Neufs Z.E.,Magasin Pieces Rechange,Vente Vehicules Neufs,Atelier Mecanique,Apres-vente Z.E.,Pro+,Renault Minute Service
AUTOHAUS JOST SPRL PGMBH,MALMEDYER STRASSE 175  4780 ST-VITH,tel:+3280227367,Atelier Carrosserie,Magasin Pieces Rechange,Vente Vehicules Neufs,Atelier Mecanique,Renault Minute Service
RENAULT TROIS-PONTS,AVENUE JOSEPH LEJEUNE 182  4980 TROIS-PONTS,tel:+3280394949,Atelier Carrosserie,Magasin Pieces Rechange,Vente Vehicules Neufs,Atelier Mecanique,Vente Vehicules Occasion
ETS COLLIGNON SA,RUE DE LANTIGNE 39  6940 DURBUY (PETITHAN),tel:+3286211255,Atelier Carrosserie,Magasin Pieces Rechange,Vente Vehicules Neufs,Atelier Mecanique
GARAGE CENTRAL SPRL,RUE DE MILAN 8 d  4950 WAIMES,tel:+3280679480,Atelier Carrosserie,Magasin Pieces Rechange,Vente Vehicules Neufs,Atelier Mecanique,Vente Vehicules Occasion
CONDROZ MOTORS CINEY SPRL,RUE DU MARCHE COUVERT 4  5590 CINEY,tel:+3283212911,Magasin Pieces Rechange,Vente Vehicules Neufs,Atelier Mecanique
GARAGE EUROPE,TIENNE DE L'EUROPE 6  5500 DINANT,tel:+3282222203,Atelier Carrosserie,Magasin Pieces Rechange,Vente Vehicules Neufs,Atelier Mecanique
GARAGE RAUW SPRL,LAGERSTRASSE 9  4750 ELSENBORN,tel:+3280446536,Magasin Pieces Rechange,Vente Vehicules Neufs,Atelier Mecanique
GARAGE ENCLIN SA,RUE SIMONIS 33  4130 ESNEUX,tel:+3243801591,Atelier Carrosserie,Magasin Pieces Rechange,Vente Vehicules Neufs,Atelier Mecanique,Renault Minute Service
GARAGE MANUEL LLORENS SPRL,ROUTE DE NEUFCHATEAU 226  6600 BASTOGNE,tel:+3261217190,Atelier Carrosserie,Magasin Pieces Rechange,Vente Vehicules Neufs,Atelier Mecanique
CENTRALE AUTOMOBILE SPRL,"RECOGNE,ROUTE DE SAINT-HUBERT,60  6800 LIBRAMONT-CHEVIGNY",tel:+3261224840,Atelier Carrosserie,Magasin Pieces Rechange,Vente Vehicules Neufs,Atelier Mecanique
GARAGE PIERRE BIETHERES ET FILS SPRL,HONVELEZ 38 A  6671 GOUVY,tel:+3280214069,Magasin Pieces Rechange,Vente Vehicules Neufs,Atelier Mecanique
GARAGE ROBERT SCHMIT SA,ROUTE DE BASTOGNE 384  6700 ARLON,tel:+3263245790,Atelier Carrosserie,Magasin Pieces Rechange,Vente Vehicules Neufs,Atelier Mecanique
INTEGRAL AUTO SA - MARCHE,CHAUSSEE DE LIEGE 130  6900 MARCHE-EN-FAMENNE,tel:+3284316131,Atelier Carrosserie,Vente Veh. Neufs Z.E.,Magasin Pieces Rechange,Vente Vehicules Neufs,Atelier Mecanique,Apres-vente Z.E.,Pro+,Renault Minute Service
GAUMAUTO,Z.I. LE HAUT DU SUD  6730 TINTIGNY,tel:+3263411711,Magasin Pieces Rechange,Vente Vehicules Neufs,Atelier Mecanique
RENAULT TROIS-PONTS,AVENUE JOSEPH LEJEUNE 182  4980 TROIS-PONTS,tel:+3280394949,Atelier Carrosserie,Magasin Pieces Rechange,Vente Vehicules Neufs,Atelier Mecanique,Vente Vehicules Occasion
GARAGE & CARR. COLSON SPRL,RUE DE CINEY 127  5580 ROCHEFORT,tel:+3284211060,Magasin Pieces Rechange,Vente Vehicules Neufs,Atelier Mecanique
ETS COLLIGNON SA,RUE DE LANTIGNE 39  6940 DURBUY (PETITHAN),tel:+3286211255,Atelier Carrosserie,Magasin Pieces Rechange,Vente Vehicules Neufs,Atelier Mecanique
AUTOHAUS JOST SPRL PGMBH,MALMEDYER STRASSE 175  4780 ST-VITH,tel:+3280227367,Atelier Carrosserie,Magasin Pieces Rechange,Vente Vehicules Neufs,Atelier Mecanique,Renault Minute Service
WARLING SPRL,RUE DE LA FORGE 43  6792 HALANZY (AUBANGE),tel:+3263370555,Magasin Pieces Rechange,Vente Vehicules Neufs,Atelier Mecanique
WARLING SPRL,AVENUE DE LA GRANGE AU BOIS 20  6760 VIRTON,tel:+3263444405,Atelier Carrosserie,Magasin Pieces Rechange,Vente Vehicules Neufs,Atelier Mecanique
GARAGE BLAISE,RUE DE RODANGE 113  6791 ATHUS,tel:+3263389133,Atelier Carrosserie,Magasin Pieces Rechange,Vente Vehicules Neufs,Atelier Mecanique
GARAGE ALBERT SA,STATION 59  5575 GEDINNE,tel:+3261588095,Atelier Carrosserie,Magasin Pieces Rechange,Vente Vehicules Neufs,Atelier Mecanique
GARAGE CENTRAL SPRL,RUE DE MILAN 8 d  4950 WAIMES,tel:+3280679480,Atelier Carrosserie,Magasin Pieces Rechange,Vente Vehicules Neufs,Atelier Mecanique,Vente Vehicules Occasion
CONDROZ MOTORS CINEY SPRL,RUE DU MARCHE COUVERT 4  5590 CINEY,tel:+3283212911,Magasin Pieces Rechange,Vente Vehicules Neufs,Atelier Mecanique
GARAGE ENCLIN SA,RUE SIMONIS 33  4130 ESNEUX,tel:+3243801591,Atelier Carrosserie,Magasin Pieces Rechange,Vente Vehicules Neufs,Atelier Mecanique,Renault Minute Service
GARAGE RAUW SPRL,LAGERSTRASSE 9  4750 ELSENBORN,tel:+3280446536,Magasin Pieces Rechange,Vente Vehicules Neufs,Atelier Mecanique
GARAGE EUROPE,TIENNE DE L'EUROPE 6  5500 DINANT,tel:+3282222203,Atelier Carrosserie,Magasin Pieces Rechange,Vente Vehicules Neufs,Atelier Mecanique
TESTDEALER RBL,Teststraat 1  1045 TESTPLAATS,,Vente Vehicules Neufs,Vente Vehicules Occasion
GARAGE & CARR. COLSON SPRL,RUE DE CINEY 127  5580 ROCHEFORT,tel:+3284211060,Magasin Pieces Rechange,Vente Vehicules Neufs,Atelier Mecanique
INTEGRAL AUTO SA - MARCHE,CHAUSSEE DE LIEGE 130  6900 MARCHE-EN-FAMENNE,tel:+3284316131,Atelier Carrosserie,Vente Veh. Neufs Z.E.,Magasin Pieces Rechange,Vente Vehicules Neufs,Atelier Mecanique,Apres-vente Z.E.,Pro+,Renault Minute Service
CONDROZ MOTORS CINEY SPRL,RUE DU MARCHE COUVERT 4  5590 CINEY,tel:+3283212911,Magasin Pieces Rechange,Vente Vehicules Neufs,Atelier Mecanique
GARAGE EUROPE,TIENNE DE L'EUROPE 6  5500 DINANT,tel:+3282222203,Atelier Carrosserie,Magasin Pieces Rechange,Vente Vehicules Neufs,Atelier Mecanique
ETS COLLIGNON SA,RUE DE LANTIGNE 39  6940 DURBUY (PETITHAN),tel:+3286211255,Atelier Carrosserie,Magasin Pieces Rechange,Vente Vehicules Neufs,Atelier Mecanique
GARAGE ALBERT SA,STATION 59  5575 GEDINNE,tel:+3261588095,Atelier Carrosserie,Magasin Pieces Rechange,Vente Vehicules Neufs,Atelier Mecanique
CENTRALE AUTOMOBILE SPRL,"RECOGNE,ROUTE DE SAINT-HUBERT,60  6800 LIBRAMONT-CHEVIGNY",tel:+3261224840,Atelier Carrosserie,Magasin Pieces Rechange,Vente Vehicules Neufs,Atelier Mecanique
GARAGE PIRAUX SPRL,RUE D'ANTHEE 73  5644 ERMETON-SUR-BIERT (METTET),tel:+3271727122,Atelier Carrosserie,Magasin Pieces Rechange,Vente Vehicules Neufs,Atelier Mecanique
GARAGE MANUEL LLORENS SPRL,ROUTE DE NEUFCHATEAU 226  6600 BASTOGNE,tel:+3261217190,Atelier Carrosserie,Magasin Pieces Rechange,Vente Vehicules Neufs,Atelier Mecanique
INITIAL AUTO - HUY,QUAI D'ARONA 10  4500 HUY,tel:+3285212057,Ren Minute Carrosserie,Atelier Carrosserie,Magasin Pieces Rechange,Vente Vehicules Neufs,Atelier Mecanique,Initiale Paris
GARAGE G HEYNE SPRL,RUE A. FOUARGE 3  4540 AMAY (OMBRET),tel:+3285311477,Atelier Carrosserie,Magasin Pieces Rechange,Vente Vehicules Neufs,Atelier Mecanique
RENAULT MOTORS NAMUR S.A.,CHAUSSEE DE LOUVAIN 602  5020 NAMUR,tel:+3281212400,Atelier Carrosserie,Vente Veh. Neufs Z.E.,Magasin Pieces Rechange,Vente Vehicules Neufs,Atelier Mecanique,Apres-vente Z.E.,Renault Minute Service,Vente Vehicules Occasion
HERON MOTORS SPRL,CHAUSSEE DE WAVRE 72  4217 HERON,tel:+3285711672,Magasin Pieces Rechange,Vente Vehicules Neufs,Atelier Mecanique
GARAGE HENNAUX S.A.,RUE FERME DE LA VALLEE 7  5150 FLOREFFE,tel:+3281433040,Magasin Pieces Rechange,Vente Vehicules Neufs,Atelier Mecanique,Vente Vehicules Occasion
TESTDEALER RBL,Teststraat 1  1045 TESTPLAATS,,Vente Vehicules Neufs,Vente Vehicules Occasion
GARAGE ENCLIN SA,RUE SIMONIS 33  4130 ESNEUX,tel:+3243801591,Atelier Carrosserie,Magasin Pieces Rechange,Vente Vehicules Neufs,Atelier Mecanique,Renault Minute Service
RENAULT PHILIPPEVILLE,ZONING DES QUATRE BRAS 30  5600 PHILIPPEVILLE,tel:+3271660440,Atelier Carrosserie,Magasin Pieces Rechange,Vente Vehicules Neufs,Atelier Mecanique
RENAULT TROIS-PONTS,AVENUE JOSEPH LEJEUNE 182  4980 TROIS-PONTS,tel:+3280394949,Atelier Carrosserie,Magasin Pieces Rechange,Vente Vehicules Neufs,Atelier Mecanique,Vente Vehicules Occasion
GARAGE PIERRE BIETHERES ET FILS SPRL,HONVELEZ 38 A  6671 GOUVY,tel:+3280214069,Magasin Pieces Rechange,Vente Vehicules Neufs,Atelier Mecanique
RENAULT SERAING SA,RUE SEWAGE 22 - ZONING BOVERIE  4100 SERAING,tel:+3243372929,Atelier Carrosserie,Magasin Pieces Rechange,Vente Vehicules Neufs,Atelier Mecanique
GARAGE CENTRAL SPRL,RUE DE MILAN 8 d  4950 WAIMES,tel:+3280679480,Atelier Carrosserie,Magasin Pieces Rechange,Vente Vehicules Neufs,Atelier Mecanique,Vente Vehicules Occasion
GARAGE RAUW SPRL,LAGERSTRASSE 9  4750 ELSENBORN,tel:+3280446536,Magasin Pieces Rechange,Vente Vehicules Neufs,Atelier Mecanique
RENAULT TROIS-PONTS,AVENUE JOSEPH LEJEUNE 182  4980 TROIS-PONTS,tel:+3280394949,Atelier Carrosserie,Magasin Pieces Rechange,Vente Vehicules Neufs,Atelier Mecanique,Vente Vehicules Occasion
AUTOHAUS JOST SPRL PGMBH,MALMEDYER STRASSE 175  4780 ST-VITH,tel:+3280227367,Atelier Carrosserie,Magasin Pieces Rechange,Vente Vehicules Neufs,Atelier Mecanique,Renault Minute Service
GARAGE PIERRE BIETHERES ET FILS SPRL,HONVELEZ 38 A  6671 GOUVY,tel:+3280214069,Magasin Pieces Rechange,Vente Vehicules Neufs,Atelier Mecanique
RENAULT VERVIERS SA EMOCAR,THIER DE HODIMONT 105  4800 PETIT-RECHAIN (VERVIERS),tel:+3287394949,Atelier Carrosserie,Vente Veh. Neufs Z.E.,Magasin Pieces Rechange,Vente Vehicules Neufs,Atelier Mecanique,Apres-vente Z.E.,Pro+,Initiale Paris,Vente Vehicules Occasion,Renault Sport Technologie
N KOONEN SA,RUE DE HERBESTHAL 152  4700 EUPEN,tel:+3287555917,Atelier Carrosserie,Magasin Pieces Rechange,Vente Vehicules Neufs,Atelier Mecanique
GARAGE LANGELLA & FILS SA,ROUTE DE CHARNEUX 58-64  4651 HERVE (BATTICE),tel:+3287678897,Atelier Carrosserie,Magasin Pieces Rechange,Vente Vehicules Neufs,Atelier Mecanique
ETS FERNAND NERI SA - FLERON,RUE BUREAU 69  4620 FLERON,tel:+3243558860,Atelier Carrosserie,Magasin Pieces Rechange,Vente Vehicules Neufs,Atelier Mecanique,Pro+
GARAGE C LECLOUX SPRL,RUE DE BATTICE 132  4880 AUBEL,tel:+3287687825,Magasin Pieces Rechange,Vente Vehicules Neufs,Atelier Mecanique
GARAGE ENCLIN SA,RUE SIMONIS 33  4130 ESNEUX,tel:+3243801591,Atelier Carrosserie,Magasin Pieces Rechange,Vente Vehicules Neufs,Atelier Mecanique,Renault Minute Service
ETS FERNAND NERI - GRIVEGNEE,RUE DE HERVE 48  4030 GRIVEGNEE,tel:+3242396717,Atelier Carrosserie,Magasin Pieces Rechange,Vente Vehicules Neufs,Atelier Mecanique,Renault Minute Service
L'UNIVERS DE L'AUTOMOBILE SA,QUAI DU BASSIN 35  4040 HERSTAL (LIEGE),tel:+3242643435,Magasin Pieces Rechange,Vente Vehicules Neufs,Atelier Mecanique
GARAGE JONNIAUX & FILS SPRL,RUE SAINT LAURENT 366  4000 LIEGE,tel:+3242521569,Atelier Carrosserie,Magasin Pieces Rechange,Vente Vehicules Neufs,Atelier Mecanique
RENAULT NERI LIEGE SA,RUE DE MONS 5  4000 LIEGE,tel:+3242251166,Ren Minute Carrosserie,Atelier Carrosserie,Vente Veh. Neufs Z.E.,Magasin Pieces Rechange,Vente Vehicules Neufs,Atelier Mecanique,Apres-vente Z.E.,Vente Vehicules Occasion
RENAULT SERAING SA,RUE SEWAGE 22 - ZONING BOVERIE  4100 SERAING,tel:+3243372929,Atelier Carrosserie,Magasin Pieces Rechange,Vente Vehicules Neufs,Atelier Mecanique
ETS COLLIGNON SA,RUE DE LANTIGNE 39  6940 DURBUY (PETITHAN),tel:+3286211255,Atelier Carrosserie,Magasin Pieces Rechange,Vente Vehicules Neufs,Atelier Mecanique
RENAULT BASSE MEUSE SA EMOCAR - VISE,ALLEE VERTE 60  4600 VISE,tel:+3243798004,Ren Minute Carrosserie,Atelier Carrosserie,Magasin Pieces Rechange,Vente Vehicules Neufs,Atelier Mecanique,Vente Vehicules Occasion
AGS MOTOR & FILLE SCRL,RUE DE FLEMALLE 72  4101 JEMEPPE-SUR-MEUSE,tel:+3242338500,Ren Minute Carrosserie,Atelier Carrosserie,Magasin Pieces Rechange,Vente Vehicules Neufs,Atelier Mecanique
GARAGE DELBROUCK,RUE PIERRE WATHIEU 41  4420 MONTEGNEE,tel:+3242339375,Magasin Pieces Rechange,Vente Vehicules Neufs,Atelier Mecanique
GROUP PASHUYSEN GENK,VAARTSTRAAT 9  3600 GENK,tel:+3289358401,Atelier Carrosserie,Vente Veh. Neufs Z.E.,Magasin Pieces Rechange,Vente Vehicules Neufs,Atelier Mecanique,Apres-vente Z.E.,Renault Rent,Renault Minute Service,Vente Vehicules Occasion
PAESMANS NV - HASSELT,GOUVERNEUR ROPPESINGEL 2  3500 HASSELT,tel:+3211240900,Atelier Carrosserie,Vente Veh. Neufs Z.E.,Magasin Pieces Rechange,Vente Vehicules Neufs,Atelier Mecanique,Apres-vente Z.E.,Renault Rent,Pro+,Renault Minute Service,Vente Vehicules Occasion,Renault Sport Technologie
BILZEN MOTORS BVBA,BREMAKKER 41  3740 BILZEN,tel:+3289241945,Magasin Pieces Rechange,Vente Vehicules Neufs,Atelier Mecanique
PAESMANS NV - HOUTHALEN,GROTE BAAN 155 A  3530 HOUTHALEN,tel:+3211608888,Atelier Carrosserie,Magasin Pieces Rechange,Vente Vehicules Neufs,Atelier Mecanique
REMA CARS NV,NIJVERHEIDSLAAN 38  3630 MAASMECHELEN,tel:+3289770970,Atelier Carrosserie,Magasin Pieces Rechange,Vente Vehicules Neufs,Atelier Mecanique
GARAGE KWANTEN MOTORS NV,GUIDO GEZELLELAAN 100  3550 HEUSDEN-ZOLDER,tel:+3211424710,Atelier Carrosserie,Magasin Pieces Rechange,Vente Vehicules Neufs,Atelier Mecanique,Renault Minute Service
GARAGE LENDERS,AMBACHTSLAAN 1001  3990 PEER,tel:+3211631650,Magasin Pieces Rechange,Vente Vehicules Neufs,Atelier Mecanique
WELLEN MOTORS EVBA,OVERBROEKSTRAAT 71 A.  3830 WELLEN,tel:+3212747227,Atelier Carrosserie,Magasin Pieces Rechange,Vente Vehicules Neufs,Atelier Mecanique,Renault Minute Service
GARAGE G. BOTTA N.V.,MAASTRICHTERSTEENWEG 358  3700 TONGEREN,tel:+3212391273,Magasin Pieces Rechange,Vente Vehicules Neufs,Atelier Mecanique
PAESMANS NV - BREE,RODE KRUISLAAN 24  3960 BREE,tel:+3289730200,Atelier Carrosserie,Magasin Pieces Rechange,Vente Vehicules Neufs,Atelier Mecanique,Vente Vehicules Occasion
PAESMANS NV - BERINGEN,KOOLMIJNLAAN 120  3580 BERINGEN,tel:+3211458400,Atelier Carrosserie,Magasin Pieces Rechange,Vente Vehicules Neufs,Atelier Mecanique,Renault Rent,Vente Vehicules Occasion
VAN DER STUKKEN MAASEIK BVBA,MAASTRICHTERSTEENWEG 173  3680 MAASEIK,tel:+3289568124,Magasin Pieces Rechange,Vente Vehicules Neufs,Atelier Mecanique
PAESMANS NV - HERK-DE-STAD,SINT-TRUIDERSTEENWEG 9  3540 HERK-DE-STAD,tel:+3213359900,Atelier Carrosserie,Magasin Pieces Rechange,Vente Vehicules Neufs,Atelier Mecanique,Renault Rent
E.J. AUTO'S BVBA,LILLERBAAN 77  3990 KLEINE BROGEL,tel:+3211632370,Magasin Pieces Rechange,Vente Vehicules Neufs,Atelier Mecanique,Renault Minute Service
GARAGE EYKENS BVBA,DORPSTRAAT 63  3545 ZELEM,tel:+3213441123,Magasin Pieces Rechange,Vente Vehicules Neufs,Atelier Mecanique
RENAULT BASSE MEUSE SA EMOCAR - VISE,ALLEE VERTE 60  4600 VISE,tel:+3243798004,Ren Minute Carrosserie,Atelier Carrosserie,Magasin Pieces Rechange,Vente Vehicules Neufs,Atelier Mecanique,Vente Vehicules Occasion
GROUP PASHUYSEN ST-TRUIDEN,ZOUTLEEUWSESTEENWEG 2  3800 SINT-TRUIDEN,tel:+3211687991,Atelier Carrosserie,Magasin Pieces Rechange,Vente Vehicules Neufs,Atelier Mecanique,Renault Rent
GARAGE BRONCKART,KERKSTRAAT. 37  3891 GINGELOM-MIELEN,tel:+3211485111,Atelier Carrosserie,Magasin Pieces Rechange,Vente Vehicules Neufs,Atelier Mecanique
GARAGE WELLENS NV,DIESTERSTRAAT 167  3980 TESSENDERLO,tel:+3213664555,Atelier Carrosserie,Magasin Pieces Rechange,Vente Vehicules Neufs,Atelier Mecanique
GARAGE KELGTERMANS NV,BALENDIJK 211  3920 LOMMEL,tel:+3211544215,Atelier Carrosserie,Magasin Pieces Rechange,Vente Vehicules Neufs,Atelier Mecanique
