Pedersen &amp; Nielsen Aalborg,"Jyllandsgade 28, Aalborg 9000",98 11 16 44
Mehlsen Automobiler,"Assensvej 1, Nr. Broby, Broby 5672",62 63 11 55
Claus Lützhøft Grindsted,"Hedemarken 15, Grindsted 7200",75 34 13 44
Hessel Silkeborg,"Stagehøjvej 3, Silkeborg 8600",72 11 65 00
Bilgo i Køge A/S,"Valdemarshaab 6C, Køge 4600",56 65 02 72
Skanderborg Bilcentrum A/S,"Grønlandsvej 6, Skanderborg 8660",87 93 29 00
Pedersen &amp; Nielsen Grenå,"Rugvænget 29, Grenå 8500",86 32 15 00
Auto Fjerritslev A/S,"Vestergade 48, Fjerritslev 9690",98 21 14 44
Bent Pedersen Varde,"Jeppe Skovgaards Vej 1, Varde 6800",75 22 01 77
KH Automobiler,"Jægervej 2, Skjern 6900",97 35 00 88
Sondrup Bilcenter Risskov,"Ravnsøvej 40, Risskov 8240",86 28 23 44
Bil Center Syd Stensved,"Vordingborgvej 19, Stensved 4773",55 38 60 27
Lumbye Biler Nakskov,"Rjukan vej 11, Nakskov 4900",54 92 27 77
Hans Frederiksen A/S,"Elmegade 31, Kalundborg 4400",59 51 20 20
Hessel Aars,"Tolstrup Byvej 1, Aars 9600",72 11 68 00
Hessel Ringsted,"Bragesvej 9, Ringsted 4100",73 11 72 00
Hindsgaul Biler,"Fynsvej 19, Middelfart 5500",64 41 18 27
Auto Lindvang Aabenraa,"Langrode 25, Aabenraa 6200",74 62 13 33
Via Biler Valby,"Gl. Køge Landevej 135, Valby 2500",36 19 70 70
Autohuset Vestergaard Svendborg,"Odensevej 42, Svendborg 5700",63 21 38 11
Krogsgaard Birkerød,"Birkerød Kongevej 82-86, Birkerød 3460",70 10 21 10
Andersen Biler Gladsaxe,"Gladsaxe Møllevej 14, Søborg 2860",72 59 14 00
Nyboes Auto,"Åkirkebyvej  64, Rønne 3700",56 95 26 50
Seehusen Biler,"Rundinsvej 63, Helsinge 3200",48 79 81 91
Via Biler Kastrup,"Kirstinehøj 62, Kastrup 2770",72 59 15 00
Krogsgaard Ballerup,"Energivej 12, Ballerup 2750",72 11 21 09
Bjarne Nielsen Esbjerg,"Storegade 244, Esbjerg Ø 6705",76 13 85 00
Autohuset Vestergaard Fredericia,"Strandvejen 220, Fredericia 7000",75 92 36 11
Pedersen &amp; Nielsen Frederikshavn,"Maigårdsvej 5, Frederikshavn 9900",98 42 43 44
Nottelmanns Haderslev,"Klintevej 1, Haderslev 6100",74 52 99 77
Bjarne Nielsen Herning,"Silkeborgvej 110, Herning 7400",96 26 62 00
Bjarne Nielsen Hillerød,"Falkevej 4, Hillerød 3400",70 70 17 77
Hessel Hjørring,"Vester Hedevej 255, Hjørring 9800",72 11 53 00
Anders Therkildsen Hobro,"Erhvervsparken 6, Hobro 9500",98 51 18 55
Bin2Bil A/S Holbæk,"Bilbyen 2, Holbæk 4300",59 43 11 01
Dahl Pedersen Holstebro,"Nybovej 39, Holstebro 7500",97 42 26 66
K. Westergaard Automobiler Horsens,"Høegh Guldbergs Gade 18, Horsens 8700",75 62 51 33
Autohuset Vestergaard Kolding,"Trianglen 4, Kolding 6000",75 52 25 55
Lumbye Biler Nykøbing,"Ndr. Ringvej 1, Nykøbing 4800",54 85 37 77
Autohuset Vestergaard Nærum,"Nærum Hovedgade 1, Nærum 2850",72 59 18 00
Hessel Randers,"Ribevej 11, Randers 8940",72 11 51 00
CB Auto Ribe,"Industrivej 47, Ribe 6760",75 42 36 11
Dahl Pedersen Skive,"Viborgvej 2, Skive 7800",97 52 25 55
Auto Lindvang Sønderborg,"Ellegaardvej  5, Sønderborg 6400",74 42 51 55
Hessel Thisted,"Løvevej 16, Thisted 7700",72 11 69 00
Autohuset Vestergaard Vejle,"Løversysselvej 9, Vejle 7100",70 27 05 00
Dahl Pedersen Viborg,"Lundvej 1, Viborg 8800",86 62 44 44
Sondrup Bilcenter Viby,"Gunnar Clausens Vej 4, Viby 8260",86 28 23 44
Hessel Slagelse,"Merkurvej 1, Slagelse 4200",73 11 73 00
Hessel Næstved,"Transportbuen 1, Næstved 4700",73 11 71 00
Autohuset Vestergaard Odense,"Bondovej 18, Odense 5250",63 17 13 11
Hessel Ringkøbing,"Birkmosevej 14 , Ringkøbing 6950",72 11 64 00
Hessel Albertslund,"Roskildevej 20, Albertslund 2620",73 12 58 00
Keld Hansen,"Korshøj 4, Frederikssund 3600",47 31 05 10
Waag &amp; Company P/F,"63 Hoyvíksvegur, Tórshavn 100",298313666
Hessel Århus,"Agerøvej 53, Tilst 8381",72 11 50 00
Hessel Aalborg,"Sundsholmen 10, Nørre Sundby 9400",72115200
Arne Stubbe Automobiler Roskilde,"Betonvej 2, Roskilde 4000",4546330400
Krogsgaard Herlev,"Herlev Hovedgade 197, Herlev 2730",70 10 21 10
Krogsgaard København,"Tagensvej 148-150, Købehnhavn N 2200",70 10 21 10
Authuset Vestergaard Odense S,"Svendborgvej 90, Odense S 5260",4566141414
Halkjærs Auto A/S,"Limfjordsvej 44, Nykøbing M 7900",97722532
Arne Stubbe Automobiler Ballerup,"Måløv Byvej 7, Måløv 2750",
Helsingør Bilhus,"H.C. Ørstedsvej 10, Helsingør 3000",
Autohuset Glostrup A/S,"Vallensbækvej 37-39, Brøndby 2605",43965500
Pedersen &amp; Nielsen Randers,"Ribevej 3, Randers SV 8940",86 42 25 11
Pedersen & Nielsen Randers,"Aarhusvej 115, Randers SØ 8960",86 42 25 11
CB Auto Ribe Pladeværksted,"Industrivej 35A, Ribe 6760",75423611
Pedersen & Nielsen Risskov,"Ravnsøvej 2, Risskov 8240",
